{
  "results": {
    "white": [
      0.0,
      0.0,
      0.09090909090909091,
      0.0,
      0.18181818181818182
    ],
    "kitchen": [
      0.09090909090909091,
      0.0,
      0.045454545454545456,
      0.0,
      0.0
    ],
    "street": [
      0.09090909090909091,
      0.0,
      0.0,
      0.0,
      0.0
    ]
  },
  "latencies": {
    "white": [
      1259.6514225006104,
      1054.6278953552246,
      1044.8534488677979,
      1040.7724380493164,
      1062.7710819244385
    ],
    "kitchen": [
      1046.5898513793945,
      1072.9141235351562,
      976.4394760131836,
      1011.9926929473877,
      1026.1075496673584
    ],
    "street": [
      1024.6751308441162,
      1010.305643081665,
      963.2904529571533,
      1021.3959217071533,
      1048.590898513794
    ]
  },
  "clean_wer": 0.0,
  "clean_latency_ms": 997.5759983062744
}